Firstname,Lastname,Password,Birthday,Username
Muhammad,Agung,jojo_555,12/30/1999,muhammad.agung1@gmail.com
Ali,Maya,jojo_555,11/20/1999,ali.maya2@gmail.com
Joe,Stewart,jojo_555,7/1/1999,joe.stewart3@gmail.com
Ahmad,Rizki,jojo_555,3/15/1998,ahmad.rizki4@gmail.com
Siti,Aisyah,jojo_555,10/2/2000,siti.aisyah5@gmail.com
Budi,Santoso,jojo_555,8/21/1997,budi.santoso6@gmail.com
Andi,Pratama,jojo_555,1/9/1999,andii.pratama7@gmail.com
Dewi,Lestari,jojo_555,6/18/2001,dewi.lestarii8@gmail.com
Rina,Putri,jojo_555,9/5/1998,rina.putrii9@gmail.com
Fajar,Hidayat,jojo_555,11/11/1997,fajar.hidayat10@gmail.com
Nanda,Saputra,jojo_555,4/27/2000,nanda.saputra11@gmail.com
Putra,Wijaya,jojo_555,2/14/1999,putra.wijayaa12@gmail.com
Intan,Permata,jojo_555,7/30/2001,intan.permataa13@gmail.com
Dimas,Prakoso,jojo_555,12/1/1998,dimas.prakoso14@gmail.com
Lina,Kartika,jojo_555,5/22/2000,lina.kartikaa15@gmail.com
Yoga,Maulana,jojo_555,8/8/1997,yoga.maulanaa16@gmail.com
Tika,Amelia,jojo_555,3/3/1999,tika.ameliaa17@gmail.com
Rafi,Akbar,jojo_555,10/19/2001,rafi.akbaar18@gmail.com
Nia,Safitri,jojo_555,6/6/1998,nia.safitrii19@gmail.com
Bayu,Kurniawan,jojo_555,9/12/1997,bayu.kurniawan20@gmail.com
Rizal,Fauzi,jojo_555,1/17/1998,rizal.fauzi21@gmail.com
Kevin,Aditya,jojo_555,2/22/1999,kevin.adityaa22@gmail.com
Ilham,Ma'arif,jojo_555,3/10/2000,ilham.maaarif23@gmail.com
Reza,Pratama,jojo_555,4/14/1998,reza.pratamaa24@gmail.com
Arif,Hakim,jojo_555,5/19/1999,arif.hakiim25@gmail.com
Farhan,Akmal,jojo_555,6/23/2001,farhan.akmaal26@gmail.com
Zaki,Mubarak,jojo_555,7/7/1997,zaki.mubarakk27@gmail.com
Fikri,Ramadhan,jojo_555,8/18/1998,fikri.ramadhann28@gmail.com
Yusuf,Alam,jojo_555,9/9/1999,yusuf.alaam29@gmail.com
Hadi,Setiawan,jojo_555,10/12/2000,hadi.setiawaan30@gmail.com
Iqbal,Maulana,jojo_555,11/21/1997,iqbal.maulanaa31@gmail.com
Rian,Kusuma,jojo_555,12/25/1998,rian.kusuumaa32@gmail.com
Bagas,Prakoso,jojo_555,1/3/1999,bagas.prakosoo33@gmail.com
Doni,Susanto,jojo_555,2/8/2000,doni.susantoo34@gmail.com
Eko,Purnomo,jojo_555,3/16/1998,eko.purnomoo35@gmail.com
Gilang,Permadi,jojo_555,4/4/1997,gilang.permadii36@gmail.com
Hendra,Wijaya,jojo_555,5/28/1999,hendra.wijayaa37@gmail.com
Ivan,Saputra,jojo_555,6/6/2001,ivan.saputraa38@gmail.com
Joko,Santosa,jojo_555,7/19/1998,joko.santosaa39@gmail.com
Kurnia,Putra,jojo_555,8/11/1997,kurnia.putraa40@gmail.com
Lukman,Hakim,jojo_555,9/14/1999,lukman.hakiim41@gmail.com
Miko,Pradana,jojo_555,10/2/2000,miko.pradanaa42@gmail.com
Nico,Wijanarko,jojo_555,11/30/1998,nico.wijanarkoo43@gmail.com
Oki,Setyawan,jojo_555,12/9/1997,oki.setyawann44@gmail.com
Pandu,Surya,jojo_555,1/20/1999,pandu.suryaa45@gmail.com
Qori,Akmal,jojo_555,2/27/2001,qori.akmaals46@gmail.com
Robby,Kurnia,jojo_555,3/5/1998,robby.kurniaa47@gmail.com
Surya,Pratama,jojo_555,4/18/1999,surya.pratamaa48@gmail.com
Taufik,Hidayat,jojo_555,5/6/1997,taufik.hidayatt49@gmail.com
Umar,Fauzan,jojo_555,6/22/1998,umar.fauzaan50@gmail.com
Vino,Andika,jojo_555,7/13/2000,vino.andikaa51@gmail.com
Wahyu,Setiaji,jojo_555,8/24/1999,wahyu.setiajii52@gmail.com
Xander,Pramana,jojo_555,9/1/1998,xander.pramanaa53@gmail.com
Yudi,Kusnadi,jojo_555,10/10/1997,yudi.kusnadii54@gmail.com
Zainal,Abidin,jojo_555,11/29/1999,zainal.abidiin55@gmail.com
